{
  "model_type": "XGBoost with balanced sampling",
  "metrics": {
    "accuracy": {
      "mean": 0.8675326490927292,
      "std": 0.0035785317868275482
    },
    "precision": {
      "mean": 0.878650283761005,
      "std": 0.006519729178362425
    },
    "recall": {
      "mean": 0.8675326490927292,
      "std": 0.0035785317868275482
    },
    "f1": {
      "mean": 0.8195680640335995,
      "std": 0.004605016067862558
    }
  },
  "features": [
    "message_length",
    "word_count",
    "source",
    "has_error"
  ],
  "date_trained": "2025-08-22T16:14:59.832518",
  "test_scores": {
    "accuracy": 0.861003861003861,
    "precision": 0.8625411361696886,
    "recall": 0.861003861003861,
    "f1": 0.8130283641059799
  }
}