{
  "model_type": "XGBoost with balanced sampling",
  "metrics": {
    "accuracy": {
      "mean": 0.9145121909123336,
      "std": 0.006851227606045496
    },
    "precision": {
      "mean": 0.9090206386304176,
      "std": 0.007940527075055154
    },
    "recall": {
      "mean": 0.9145121909123336,
      "std": 0.006851227606045496
    },
    "f1": {
      "mean": 0.9093052619397518,
      "std": 0.007923446905725263
    }
  },
  "features": [
    "message_length",
    "word_count",
    "source",
    "has_error"
  ],
  "date_trained": "2025-08-25T10:09:13.626420",
  "test_scores": {
    "accuracy": 0.9124839124839125,
    "precision": 0.9064887564461307,
    "recall": 0.9124839124839125,
    "f1": 0.9055684269212873
  }
}